{"cameraMode":{"drawMode":0,"name":"Shaded","section":"Shading Mode"},"sceneLighting":true,"audioPlay":false,"sceneViewState":{"showFog":true,"showMaterialUpdate":false,"showSkybox":true,"showFlares":true,"showImageEffects":true,"showParticleSystems":true},"in2DMode":false,"pivot":{"x":-7.806941986083984,"y":-32.320228576660159,"z":-34.55827713012695},"rotation":{"x":-0.28348469734191897,"y":-0.45397794246673586,"z":0.1552722156047821,"w":-0.8307934403419495},"size":167.0880889892578,"orthographic":false}