{"cameraMode":{"drawMode":0,"name":"Shaded","section":"Shading Mode"},"sceneLighting":false,"audioPlay":false,"sceneViewState":{"showFog":true,"showMaterialUpdate":false,"showSkybox":false,"showFlares":true,"showImageEffects":true,"showParticleSystems":true},"in2DMode":false,"pivot":{"x":-73.12026977539063,"y":-22.110000610351564,"z":-102.98999786376953},"rotation":{"x":-0.08928906172513962,"y":-0.46990346908569338,"z":0.04792642220854759,"w":-0.8770232200622559},"size":13.549820899963379,"orthographic":false}